﻿<?xml version="1.0" encoding="UTF-8" standalone="yes"?>
<addon id="script.telepi" name="TelePI" version="1.0.0" provider-name="rgc">
    <requires>
		<import addon="xbmc.python" version="2.14.0"/>
	</requires>
	<extension point="xbmc.python.script" library="addon.py">
		<provides>executable</provides>
	</extension>
        <extension point="xbmc.service" library="service.py" start="startup" />
	<extension point="xbmc.addon.metadata">
		<platform>all</platform>
		<summary lang="en">Popup Hello World</summary>
		<description lang="en">Example Script to show hello world</description>
		<license>GNU General Public License, v2</license>
		<language></language>
		<forum>http://www.losgandia.com</forum>
		<source>https://github.com/rafa400/telepi.git</source>
		<email>rafa400@losgandia.com</email>
	</extension>
</addon>
